Id,preco
0,1619947.2367174185
1,265581.5693750591
2,572160.8373176422
3,223382.9315914657
4,309024.6571242567
5,235410.2221796227
6,794345.4604064033
7,363509.34143262764
8,329761.7217024936
9,738385.9589598665
10,625518.8545681182
11,489741.63267926645
12,992670.4886360749
13,358352.18508731
14,829623.9284507252
15,603014.3549504081
16,378547.09981175116
17,393235.19106212404
18,343317.53671188466
19,980687.7785245612
20,842188.3076625398
21,290950.322438776
22,340162.2880379597
23,370881.0177977714
24,353906.3080247218
25,355184.5586660954
26,459075.61785959976
27,567975.6262565593
28,769869.7731021445
29,982932.8497045516
30,353614.0052278544
31,1260878.407921744
32,1565165.69327737
33,1545515.1996948775
34,1116128.9661413399
35,424134.14495258115
36,459499.91991305177
37,2751251.0083048563
38,419028.8213326048
39,409812.3372145567
40,2974213.334909546
41,832301.8481375898
42,343836.020506425
43,1302188.8988600275
44,840510.5576932986
45,310361.45397144905
46,941342.3097199922
47,591650.8654547078
48,289605.8961072521
49,422257.97314459615
50,514388.6877861431
51,348616.7494600176
52,788830.1816408169
53,861099.8024874713
54,931854.0186404499
55,365361.14025925717
56,607318.2737005304
57,345782.442146965
58,837138.0772563991
59,1232872.885546013
60,2825964.1447730428
61,596264.2745219287
62,1266693.915872924
63,3753637.8423451167
64,413879.112412329
65,427040.6624437657
66,484983.01942165435
67,1320246.614679045
68,878580.3039609742
69,371362.2931059719
70,1624276.683610222
71,268253.8362290554
72,510336.9839406404
73,464562.4056455009
74,246256.8073559111
75,2584436.1906984276
76,322979.4150145258
77,407634.0877883336
78,223310.59158217252
79,339880.1860147471
80,545856.937864818
81,389138.813305575
82,277462.66334357916
83,1509952.530108422
84,3537903.718174469
85,352044.5423296827
86,424275.19592956535
87,509362.8789455052
88,459075.61785959976
89,364884.91522398824
90,502560.06405559956
91,789868.7395912694
92,249877.8720316239
93,291770.64923700056
94,213551.34508131008
95,830839.8576354333
96,832487.1493265559
97,1922485.4344148822
98,362248.84384145815
99,607563.5150948237
100,465411.35742296925
101,432498.24245713843
102,1338583.1056145998
103,824480.2743631839
104,412933.7286383669
105,845961.9834510555
106,864870.2016630527
107,995512.854598991
108,349261.9988804366
109,607364.5142531788
110,445182.090606653
111,871317.1393371397
112,291478.41935897194
113,402177.9924564131
114,637372.3008982773
115,372256.8307828336
116,581062.374680351
117,3852889.74958384
118,760462.4200974598
119,312137.58960985625
120,2344493.204651571
121,308003.1436942974
122,586566.3557506894
123,282699.284734122
124,299529.58843492565
125,668921.9495519048
126,345089.5826936713
127,1183960.8366642178
128,305334.397153869
129,1335653.443156919
130,1077652.9435520018
131,2697920.369005267
132,769959.3045222085
133,1706386.090438044
134,1289665.5286615537
135,588527.7073701904
136,519213.7075638408
137,1198454.3866735923
138,808888.2455728684
139,423441.0154236471
140,2783809.0684262547
141,421535.72911576397
142,363792.91928902717
143,1471042.4474514867
144,359363.9079890891
145,463702.1627430237
146,282860.30610295496
147,1938405.4892306663
148,559288.522510518
149,1043959.8570655062
150,453658.84457615344
151,561873.4726152254
152,958394.5769481563
153,791680.7119714074
154,423307.9829046322
155,493123.51684056275
156,492024.5080270308
157,403232.12395727163
158,594186.9937316801
159,1404970.9579464684
160,1325594.4084581623
161,471674.599967155
162,1090114.0971507127
163,515789.66812020185
164,338630.04991014034
165,352012.08831865556
166,605632.1805808684
167,542367.1934857854
168,367065.2582801527
169,1142173.0100001835
170,527384.7835560414
171,434098.86243252706
172,633319.7333776476
173,826102.7934893683
174,556343.3225615211
175,1993695.5999132493
176,863559.7817768694
177,368055.4586290302
178,1169355.9952535778
179,309243.4212321795
180,848047.364638448
181,396256.230524555
182,2756611.1724952273
183,614909.1537614558
184,677817.9407320134
185,418048.1228663301
186,526913.0473383898
187,457754.8087704568
188,1383839.9746275058
189,344812.1805936609
190,1888396.222454261
191,1339724.352008634
192,304574.86164569267
193,350266.3831200893
194,273069.45880652225
195,680725.2915569411
196,241084.29382719912
197,1249234.6248964027
198,312594.99120996124
199,561710.2609716955
200,1099703.8330220638
201,333526.16111850063
202,610155.60788081
203,917808.8358812365
204,643850.5555309711
205,282700.5938602718
206,207898.5863757936
207,387399.876831876
208,1097361.2904927025
209,1630285.2888148648
210,673575.6792329234
211,3450453.8474415676
212,467534.96774292813
213,601634.830934854
214,1696522.1952353816
215,359812.77527548297
216,312665.50926602585
217,660145.3296027931
218,557583.8640770434
219,320847.7908712129
220,592144.4736841473
221,996297.5952463556
222,2640078.073768716
223,307730.05485195876
224,328488.5678388312
225,520824.76996341196
226,407197.1106049072
227,557102.6215784944
228,2889688.8528280426
229,609470.6396171389
230,408569.8556595819
231,468095.04181347345
232,340671.9380931386
233,665248.4496039955
234,463072.8332058585
235,273118.18897880195
236,983813.4338483467
237,1606687.7694791595
238,1157378.7842342362
239,501063.8758750371
240,902768.1478434779
241,255067.32250626886
242,527077.9703945885
243,429347.97208606754
244,790860.9373411254
245,369268.6564690098
246,822224.6870432087
247,611783.8675000427
248,522929.17401767295
249,843654.4388724834
250,1780902.7318210949
251,400179.94303518656
252,582857.3810292197
253,549204.8056986049
254,656334.0255252267
255,711317.7841529094
256,324692.06453556585
257,773388.8793011168
258,3219572.5953171956
259,1151123.3688865053
260,613214.9693798736
261,645229.438370556
262,291787.07560165884
263,837957.756328248
264,254647.21739529262
265,351152.7500423687
266,388295.710437236
267,677937.2632864233
268,371072.53630751866
269,1289665.5286615537
270,366271.245385333
271,661944.9755782965
272,673009.3485812983
273,492639.704721143
274,492007.0630558421
275,398923.22434683464
276,339275.0495668419
277,1424863.7342166654
278,324692.06453556585
279,856634.0330683725
280,239568.22204157306
281,822346.1338831529
282,365432.3363496332
283,370608.83154653024
284,1353312.6052758317
285,2588414.3778997716
286,342891.6854384223
287,895943.2915224553
288,586490.3396479336
289,976324.2868316114
290,901667.3944656109
291,821085.8792640751
292,901572.9523318649
293,628657.187929779
294,2366810.4711456695
295,472491.7336204606
296,555921.4362940028
297,1117859.2822749193
298,450899.5779549049
299,631941.1279982481
300,1339865.6245332614
301,811722.1589382073
302,387041.6145825101
303,537811.1258122299
304,361080.73384156264
305,303551.88269167155
306,292626.6582010678
307,524023.2386671032
308,403377.5831965507
309,616785.2534454913
310,231541.46228548972
311,1100569.8271473576
312,1512485.9848483964
313,524350.6551003254
314,349004.77028552734
315,1251822.6797097698
316,1493219.5625794372
317,1198092.3181541576
318,387902.26707856456
319,381148.043256041
320,330016.68667768175
321,1651113.2780138336
322,1108945.4346354813
323,419056.94736025046
324,301584.74122070405
325,511879.46813653107
326,447420.1633815378
327,1979513.9176010406
328,1154309.437655703
329,401063.0006945381
330,818529.86349463
331,373752.3514918845
332,634211.6894672142
333,1224579.1284821338
334,1649935.4389377453
335,492621.13572344504
336,245071.90983642408
337,532669.6621018967
338,1143080.6927062734
339,417596.48375167174
340,427476.93330470164
341,1221287.8356837397
342,924090.8635947505
343,1341999.4893691167
344,844727.2591276881
345,538341.6810130595
346,380420.53535936156
347,796491.1194455124
348,645666.4984667435
349,1097586.4418461188
350,410274.7956413906
351,1277314.6756589608
352,537059.3000319592
353,1002244.236538923
354,373528.9475461232
355,673727.5539515028
356,553817.1022939113
357,1068470.4491419632
358,329577.3330677791
359,816707.6455374558
360,341866.5956091151
361,901615.1285831677
362,259359.69567439717
363,339570.6259020438
364,408712.2089436567
365,881528.1186231961
366,1146464.3720475156
367,231399.43855247888
368,1559240.6418851954
369,1761419.6142150883
370,382022.8515987742
371,391249.89595944784
372,800309.887480655
373,1288287.2092657932
374,786746.8214338054
375,2495946.786077251
376,373181.7567345435
377,457074.3785518635
378,984633.8795876479
379,706766.1987781808
380,498251.95502780244
381,329761.7217024936
382,504486.1255231844
383,853525.7872680628
384,593117.7818053247
385,449249.5267376339
386,964408.2662698951
387,1087798.2669468923
388,342608.3846733575
389,861073.4524856445
390,524798.5219797521
391,430163.5819442791
392,1051314.305059061
393,553217.4406619137
394,349004.77028552734
395,352095.1033016228
396,431382.4667725121
397,490863.4267206792
398,586463.0576369843
399,722566.5655725896
400,713745.8233835389
401,373736.2548871838
402,503610.5950854393
403,371099.9803270215
404,756814.0040359088
405,1760029.5282840068
406,335338.2814237273
407,559025.356389243
408,905244.6652905288
409,534331.3767535613
410,488414.2385465434
411,342741.236036518
412,288511.0792830564
413,437438.87059924024
414,514291.6043416436
415,609129.3392367285
416,659967.2430600902
417,520327.093733626
418,358397.3375679587
419,260831.25980237746
420,481652.9730387121
421,371364.3085396161
422,312713.7204844471
423,253070.59107010617
424,252716.58401115087
425,622497.0240066546
426,961261.909795519
427,1133021.3729712525
428,2564150.342046865
429,355342.8535464977
430,269207.09741805925
431,319493.2042314126
432,1048821.71370813
433,223360.16787542216
434,1419742.092006948
435,536156.5564061329
436,1925649.094622348
437,1455957.7860135199
438,335015.9510031056
439,226580.3354996173
440,723539.1979275717
441,356288.01316787157
442,265031.9007089643
443,414238.547348519
444,915625.9093725119
445,727772.2862789885
446,299725.7394605005
447,420203.31995665556
448,834824.8450245778
449,377312.45016141277
450,266677.33205709554
451,1097586.4418461188
452,1022046.171535677
453,437640.0563560679
454,338021.7591437399
455,515970.44007750246
456,715282.6598707777
457,400269.48912383686
458,357495.2690689699
459,360809.3704544516
460,239568.22204157306
461,708030.1752634149
462,346440.3380960382
463,521342.16279892804
464,366046.65081651596
465,514066.4808183948
466,1558389.6270961096
467,1413376.319032412
468,1163091.2857472554
469,3331671.3209474487
470,1009076.2649806855
471,517998.60177503724
472,347335.1657524309
473,220586.57162593692
474,429651.0211011671
475,1231971.0762970066
476,817373.5089217615
477,436434.94524325593
478,243567.522261945
479,749713.3911716553
480,519359.1320680778
481,1523093.2639695618
482,749949.2573370872
483,413244.31539174414
484,747634.9220025507
485,638400.6970440467
486,1544395.3786619166
487,480942.7053744363
488,978192.441398975
489,412051.8282005104
490,818751.9799149747
491,385216.9278085579
492,414142.80519217526
493,376696.4738456886
494,579188.3620392897
495,1678965.1090163481
496,904373.2200416913
497,624833.4966335199
498,645572.0104752276
499,517322.40039558196
500,1194016.2925247436
501,1878995.2289212602
502,568590.2502496263
503,303811.6987837905
504,407983.5439407806
505,1369100.6755232224
506,1203038.246862231
507,509696.9842841117
508,261363.544810468
509,496499.63586022425
510,679636.1492633981
511,552204.084700124
512,2050421.9706132486
513,358139.8049964995
514,337811.52039240726
515,446715.8576886176
516,815880.3068800748
517,760956.3781066317
518,654220.9644012135
519,448014.92473929725
520,1727783.6765640606
521,844419.753752919
522,596264.2745219287
523,260255.3005387409
524,1097586.4418461188
525,1300925.6384756356
526,915927.4961017249
527,1954626.2475239306
528,603082.6076743646
529,304317.2360198282
530,911442.438992062
531,1081035.0786299824
532,605615.958183085
533,862598.2952633812
534,361669.5312255889
535,407340.80046691437
536,410370.8484430384
537,1659180.6387721414
538,1170922.3907693943
539,1059224.1134656314
540,347874.2039889273
541,317570.1247042504
542,625955.9512184723
543,1117103.6692835984
544,429977.0985262142
545,570592.6075446232
546,319923.77229567175
547,1098956.619554605
548,366023.76730066934
549,357902.69767890475
550,741396.8376295476
551,435835.50019532535
552,1002605.0129337896
553,479127.98804683395
554,424443.63858290965
555,363799.8654839572
556,420249.2359091129
557,421005.14504047134
558,326137.12296677113
559,1410934.9493607774
560,666232.2303066943
561,482717.80684149376
562,275044.2634058727
563,551102.7457483601
564,578910.9953564944
565,565074.4015653799
566,308201.60709002876
567,331527.3488009548
568,623737.5488577423
569,772041.9412459452
570,377032.81732043315
571,846493.15342474
572,454528.8479804855
573,832544.4583244667
574,423321.9344887188
575,399547.7723493499
576,1094886.0237444788
577,1134400.7378511133
578,236378.8604017282
579,728293.580619767
580,1113319.7044539184
581,429607.52978118166
582,3780828.47999151
583,2392933.1549680713
584,376355.2489539949
585,1432423.659944393
586,825957.1329469748
587,1289665.5286615537
588,1204099.1623412045
589,610814.53429786
590,331446.6672103669
591,1055539.5651717214
592,348665.1094069887
593,491557.01740283764
594,351808.98524695105
595,383745.6922503487
596,477578.26793129486
597,335396.3917081365
598,668921.9495519048
599,526356.4277369688
600,704267.7728008637
601,714169.1684003818
602,943121.1950413389
603,385233.9773370767
604,489014.8646422336
605,1194638.3856450208
606,230946.28217689312
607,877400.6268103198
608,514392.5134953033
609,1064016.4343685943
610,402517.3711339096
611,647629.8101747135
612,622654.7258382422
613,673041.773206965
614,538092.2784838025
615,2539090.5112580606
616,342671.65643330774
617,671127.5121527213
618,320634.40998149366
619,278789.96033094043
620,429300.8003480212
621,429923.9674099107
622,3531413.224922575
623,1520173.5457377783
624,387681.44647948927
625,560923.9894217831
626,276404.98107742216
627,2298183.552441883
628,434197.25436216773
629,1293167.9638924135
630,391612.6990435337
631,919873.29990638
632,452375.98092586943
633,623908.8219060691
634,403561.20207829395
635,431952.1606801633
636,612497.0544122966
637,527077.9703945885
638,359106.6110105119
639,219505.73690908498
640,647191.221338535
641,1080664.451181779
642,414451.15443279437
643,604479.3753889088
644,482139.78337539267
645,570983.4938619151
646,384317.164225565
647,262269.2159605276
648,416389.7136690914
649,370477.24777343194
650,492075.38110219396
651,887230.1895275761
652,423287.7085618714
653,597362.6968292708
654,363341.538111627
655,1244738.2376970302
656,314889.22364471987
657,267610.7607170047
658,412829.0897361234
659,329885.250189603
660,563941.8798488876
661,1046787.8365452446
662,614789.9638037382
663,678583.1467763147
664,568049.2010881027
665,336503.1758069506
666,528426.1352656778
667,596123.829311917
668,747055.0708762445
669,834798.8401622478
670,1129372.812879026
671,665248.4496039955
672,325777.25517856114
673,785529.6859569129
674,972536.0656959601
675,460075.5032212377
676,413879.112412329
677,529580.4556239821
678,327369.85387204844
679,215396.41781990547
680,548436.1798210976
681,359963.63357651484
682,408569.8556595819
683,365607.7728941837
684,406754.24697410816
685,980991.5476668372
686,1954161.3874930616
687,407970.93062801665
688,645572.0104752276
689,289811.3589695638
690,690284.42873234
691,905956.8523822181
692,548643.7178796759
693,953450.2089549972
694,620707.126635244
695,856837.4135178457
696,544013.9432863287
697,341758.00658084836
698,884783.3722108958
699,330740.6757131301
700,525602.8018622001
701,344812.1805936609
702,610617.5943121614
703,811608.7096759834
704,888073.6926536756
705,416391.13141995016
706,367186.7361159474
707,1768108.0993263551
708,196808.31613226776
709,3119988.2593455003
710,296168.3325354092
711,824219.7794857492
712,398529.3924784755
713,312190.2517978938
714,545020.2315611794
715,1116128.9661413399
716,663256.481342984
717,1044998.3030530156
718,571098.0508390998
719,188897.72976139432
720,224900.39214087377
721,421449.26228120015
722,630714.0171625708
723,205425.9562691147
724,898981.2372630272
725,440001.9697354594
726,1031488.0355491822
727,482366.57925809047
728,695804.7386469166
729,407653.41863891686
730,570921.6218065463
731,878669.4541520957
732,272196.9964441181
733,423693.5149153766
734,612928.4616851086
735,393437.3854557653
736,190410.99533028647
737,373181.8219747552
738,1969349.8355633265
739,709402.0786184632
740,524810.0507662689
741,1866351.1713155403
742,899488.787503316
743,428127.3519730844
744,273848.1704578094
745,352095.1033016228
746,364727.0120359678
747,916412.3492076807
748,866344.7552859276
749,404007.3172449655
750,370840.41954306915
751,290771.86627427157
752,235506.0527022609
753,468466.5862684082
754,333300.27218064625
755,900836.6134467634
756,560515.7238814018
757,555189.5086443231
758,399886.13822799013
759,340937.17075671064
760,677147.5335154942
761,616886.352606185
762,694598.6185926131
763,252565.51121575592
764,934490.6027132041
765,271811.1574872998
766,761489.0008695493
767,2224768.6775908465
768,542367.1934857854
769,915927.4961017249
770,418676.1474582247
771,1178224.107845007
772,1198439.4374720384
773,777975.609528634
774,1646908.016230074
775,927859.0322229771
776,2132042.18622323
777,1452037.2873933895
778,220119.31000399962
779,411373.8289484639
780,329578.5445047353
781,343330.2231294724
782,397529.4448784506
783,837269.6775339202
784,332452.5088109538
785,530629.8296762139
786,255605.50100292364
787,905905.209275583
788,337719.5799249855
789,170486.88698206784
790,388919.7526209776
791,1035219.4879279876
792,302498.946280474
793,385699.6730053592
794,711596.0876006421
795,579362.0485587091
796,538984.5001040142
797,303365.2038316003
798,954458.6867863669
799,433744.8560179381
800,765212.3190112656
801,393014.47509419225
802,1213056.7289988613
803,1562556.4057643772
804,418609.6226625143
805,309001.96805147093
806,241060.79893647422
807,240271.8086357701
808,562133.7132864915
809,1505988.169398371
810,602547.1080640849
811,625518.8545681182
812,401085.63355345494
813,312488.08125817834
814,826764.9966898892
815,981178.0192428806
816,1587964.7138460262
817,405437.8817606896
818,304744.54951804073
819,1088431.6654447247
820,853204.0812809105
821,353616.47799598915
822,569268.3564384248
823,972554.3752593526
824,425383.64771792694
825,3405832.8663966935
826,284668.8781800376
827,338297.08615738084
828,508197.5229683988
829,266762.2688083309
830,952146.4830417344
831,575080.2106772352
832,185596.148410883
833,729927.2121750402
834,242431.04873860232
835,927745.1690184596
836,1026144.0613952242
837,492007.0630558421
838,935432.7146620693
839,385680.2242815103
840,406769.31806703296
841,346992.5797864079
842,869200.2408051447
843,927475.8704374708
844,832886.7425845838
845,1008390.0881420295
846,390962.0084302765
847,302996.30587704375
848,392886.60081442696
849,677823.2451161206
850,556278.2996661415
851,516009.0869521054
852,414372.5046016988
853,587545.2008425399
854,390181.5723621417
855,335981.46830814506
856,353212.36441241275
857,829029.5156826165
858,300077.90571658686
859,1284770.7353936108
860,324786.25164544414
861,311112.43264059135
862,569385.5926301334
863,451508.0618397624
864,380757.8373430432
865,1604053.0715954571
866,326940.3901893669
867,818350.4539404315
868,2447990.6555480887
869,347166.7865448721
870,633240.2095172541
871,1596506.8762630224
872,534439.5474328127
873,1485196.3850661132
874,1516705.514972769
875,256494.09037052593
876,1211476.5836189108
877,483154.139700994
878,282670.49205454177
879,251079.21253974453
880,588228.9934569522
881,1097586.4418461188
882,1393367.9853291737
883,292008.7579981687
884,1773150.5141720288
885,1657859.710235228
886,711074.9733171326
887,244361.0829941975
888,413809.33929326973
889,724800.7422245435
890,597725.0648760641
891,964810.2167874512
892,699317.4827794635
893,215369.99391085762
894,214067.41018529667
895,1487879.0774576673
896,542657.1721788188
897,237646.04272526776
898,388951.76744459046
899,638522.620904438
900,1171410.8710985244
901,492639.704721143
902,341953.6674554452
903,884275.7296865737
904,443421.0997444209
905,440000.0150270421
906,1005460.2129926991
907,890118.964260278
908,1002198.55799944
909,2762876.4915461657
910,522095.3107981191
911,405508.9932451933
912,289221.2535384797
913,1565945.788413941
914,1019016.6200223785
915,846156.5422905735
916,374837.0244089026
917,2549472.9824939873
918,466306.172247304
919,353406.7305594395
920,412821.313407959
921,2653904.516388182
922,845645.7472582206
923,210511.7466371184
924,372860.82744373387
925,386868.7435135309
926,381421.6987340148
927,598236.7786682937
928,394598.4778366364
929,1009608.4901529748
930,269949.46467843367
931,453306.7535298616
932,693869.2837140296
933,437495.9467353688
934,676909.7953813024
935,192841.2466871488
936,305109.83756195696
937,2153775.9831042215
938,346043.6717697591
939,1289665.5286615537
940,427507.0268557705
941,3801948.8057489106
942,1099598.6548893354
943,849172.7237033624
944,513152.9465545437
945,1126173.8791269131
946,351291.6959302925
947,402439.88967051776
948,575867.5746569698
949,1105683.0062775593
950,511004.0638123146
951,563072.0620542059
952,1158828.4908522135
953,1359022.9034726224
954,956112.6191998634
955,359425.1830153548
956,2018228.9768295262
957,269258.5773454498
958,369406.8866350977
959,335753.4547264196
960,902382.5662258107
961,605160.4835886265
962,517011.72478769295
963,461899.1770524381
964,2348920.9826210025
965,478564.74852239224
966,319294.85282302904
967,841089.4426258332
968,1035305.8176242923
969,528426.1352656778
970,1585767.2567218815
971,370967.8854869914
972,544564.6861768122
973,222677.78491213438
974,316858.4792001322
975,172251.1545661958
976,369707.0205168007
977,513000.9704422716
978,2965103.139663793
979,600113.7290908693
980,231025.49380382133
981,567881.4604362118
982,370608.83154653024
983,300077.90571658686
984,302890.27817169804
985,1050035.4159428966
986,1350678.915146662
987,1703479.9939484864
988,603765.2337277784
989,379806.2783437117
990,355595.6244140786
991,1053598.8190329312
992,859856.8800834967
993,294669.371869489
994,600878.9403013984
995,1255170.3577118989
996,731044.6086021982
997,719543.2391921689
998,641271.8515923925
999,723404.7471344786
1000,535860.2555246582
1001,3960973.3768284144
1002,799527.016158234
1003,269876.9654939435
1004,1217425.5163269353
1005,272654.7411850288
1006,339332.1896776748
1007,714467.4649923742
1008,912299.5692933744
1009,349256.73914170975
1010,268136.8929105437
1011,921178.6023494331
1012,557940.8609978076
1013,422471.96629605256
1014,261438.62271511793
1015,501063.8758750371
1016,564875.5693600359
1017,188972.47572712964
1018,835172.9313079915
1019,276104.6186780864
1020,391971.2920417692
1021,323058.0795026976
1022,290889.13191358687
1023,334993.0912994195
1024,2467747.281267385
1025,1104889.4353258375
1026,1253986.3192211993
1027,529705.898448892
1028,1147398.8415332995
1029,1353961.8329472316
1030,534492.3230844401
1031,549568.5278368847
1032,216196.052499173
1033,1151369.9405131754
1034,333758.62287357944
1035,382825.55003735324
1036,541026.1863309664
1037,218440.91893471923
1038,1537773.776858886
1039,411912.74170936766
1040,341259.42841186223
1041,345545.9770602676
1042,273159.12297426496
1043,1079548.6134571827
1044,462712.006212266
1045,382108.25671892357
1046,564704.0525313204
1047,972554.3752593526
1048,1175528.8661247725
1049,1255170.3577118989
1050,877935.3224962783
1051,422379.92154729867
1052,2340914.935697347
1053,1100374.9518618435
1054,1472861.3846959472
1055,405534.61216099915
1056,278807.61628068634
1057,448387.56958236586
1058,925903.2942742575
1059,1635279.2623231139
1060,330868.701520785
1061,224106.47862577465
1062,3780828.47999151
1063,1035581.2506706449
1064,499132.0064465947
1065,556031.0480273783
1066,400309.25471529947
1067,365155.11705003725
1068,694463.2254188377
1069,891200.4572314952
1070,1427348.172250289
1071,1041312.554279018
1072,2648018.7969539105
1073,607514.4283157643
1074,387173.63241496705
1075,396762.11597108433
1076,444074.2591296214
1077,333150.2431913605
1078,215223.33779815873
1079,413244.31539174414
1080,732228.580865623
1081,408228.01284907
1082,830647.2226266874
1083,1305315.4030061387
1084,341469.6250668504
1085,737946.9494023697
1086,211846.62578418475
1087,419146.9945072444
1088,859307.4004912475
1089,390804.6748237582
1090,374948.32370052364
1091,1480251.9380409475
1092,816615.9961214468
1093,423045.02746246837
1094,711423.0464117649
1095,232610.01632876522
1096,669935.2233443883
1097,936706.6000789591
1098,757383.0177502317
1099,478681.62065256847
1100,1043959.8570655062
1101,1042493.4823776523
1102,444922.17226183537
1103,1116128.9661413399
1104,748851.3544156693
1105,476968.078454514
1106,435214.3546289795
1107,894355.487889642
1108,625725.1021498907
1109,267773.2209402475
1110,966202.6112659398
1111,1618275.0495934095
1112,1546779.133868706
1113,373452.7155506788
1114,357199.9606827813
1115,1113292.6493983972
1116,850177.5187206364
1117,366137.55405257706
1118,680111.4936701255
1119,702579.5656435185
1120,578231.0942873308
1121,936241.2571093437
1122,357929.33059325325
1123,1600894.8704600788
1124,384556.8399051586
1125,1384993.8924586247
1126,287084.9273514209
1127,1079548.6134571827
1128,293514.29356264597
1129,967468.5705767667
1130,319159.4421566673
1131,477482.14491256257
1132,586490.3396479336
1133,503953.00072233955
1134,3101617.0540426816
1135,701841.7694925012
1136,1159575.135238103
1137,913364.9718716982
1138,358812.43376861175
1139,794331.7395092865
1140,618128.9432330178
1141,247938.94129017164
1142,448620.23199357453
1143,422628.01224377303
1144,375528.2618073589
1145,570983.4938619151
1146,360809.3704544516
1147,630714.0171625708
1148,1284288.1016385953
1149,2236561.5241042166
1150,522872.7591129105
1151,391119.8867848118
1152,3964164.781671702
1153,1006126.814540808
1154,172717.9109886762
1155,547952.2029393048
1156,692061.3341586274
1157,371797.6320951038
1158,215558.35294779876
1159,627549.8560044202
1160,432986.51275714044
1161,591437.6045698518
1162,403818.74049291096
1163,597726.9287011996
1164,614035.111278587
1165,1616892.8532747931
1166,452557.5229245929
1167,494620.76703220734
1168,389712.22646127356
1169,779802.5512296555
1170,2444464.1052240473
1171,1435362.3842334691
1172,673010.1543618698
1173,676530.972742038
1174,868144.69930177
1175,368348.2481920182
1176,359824.31060562265
1177,677816.2659666503
1178,958394.5769481563
1179,1552652.9578416483
1180,587766.2700303228
1181,833675.9713673699
1182,254093.62896079532
1183,220494.5227917281
1184,567112.5958571587
1185,330257.43932102516
1186,187468.045462777
1187,408834.3941585615
1188,902866.3441226349
1189,284127.7210329643
1190,1117600.7620638653
1191,367128.5004488976
1192,298531.39533624344
1193,1425685.6511240504
1194,549446.4306110695
1195,252313.00689729635
1196,303616.3299609532
1197,444269.0285621825
1198,395831.3999269536
1199,391352.3157713143
1200,435757.793822989
1201,653745.4683515658
1202,628657.187929779
1203,241846.49011970405
1204,236472.20553263163
1205,337707.5826102455
1206,354786.8935058747
1207,266367.5178208271
1208,956938.0928675685
1209,675134.5359163252
1210,557309.684632172
1211,978619.1082732594
1212,349684.92974432
1213,1185275.9949603365
1214,1043959.8570655062
1215,208529.7155420457
1216,408130.3076730779
1217,1073567.5811682541
1218,382114.3383262217
1219,536741.4638953164
1220,654581.1032880455
1221,421546.45878103166
1222,199264.98461465834
1223,394794.6739259778
1224,721576.1783330393
1225,517360.08000605874
1226,424150.2957224218
1227,361080.73384156264
1228,800148.023304296
1229,784162.3341884252
1230,344812.1805936609
1231,1021239.102803448
1232,296503.0512745169
1233,519586.57917464245
1234,588228.9934569522
1235,1004889.4140501904
1236,318792.6238795433
1237,2905581.9917666386
1238,331207.9471856475
1239,655929.3596381475
1240,263674.5580499333
1241,612943.8377748942
1242,276618.41238508484
1243,318787.7867464173
1244,346108.57819772
1245,470383.93752396357
1246,1766927.9432002702
1247,1617981.9132829187
1248,234991.05452661857
1249,345322.42694645113
1250,319028.25754640094
1251,785525.0535362625
1252,1407055.5124944474
1253,537087.2472262584
1254,405082.9971567939
1255,1355613.7970553641
1256,647899.0558062318
1257,424721.7047091957
1258,660165.0538292608
1259,1397102.1824128549
1260,569268.3564384248
1261,399286.4123552768
1262,200548.26566564591
1263,843654.4388724834
1264,406136.7150259212
1265,1334569.687112751
1266,331170.4053839307
1267,472763.3933584028
1268,404016.27512159536
1269,326527.0496234107
1270,733570.923500357
1271,1311841.8300646846
1272,599108.9298627246
1273,1007052.5159155035
1274,477368.6063908892
1275,179769.620658713
1276,1048588.4096933352
1277,557795.3217312627
1278,859856.8800834967
1279,1123550.0724939168
1280,214850.84968991173
1281,359879.2642857944
1282,1058363.5426572247
1283,1031776.3834548699
1284,575532.2924102048
1285,973125.7109026898
1286,363533.4072720406
1287,350383.33342383616
1288,371988.03734122164
1289,302856.68405844725
1290,1569610.9855781582
1291,745733.731137414
1292,493523.66114982136
1293,569888.9792281947
1294,1737603.5338664385
1295,413244.31539174414
1296,718237.1018403667
1297,338512.6107626524
1298,282171.47036941577
1299,527077.9703945885
1300,1455706.7808950115
1301,343906.3110957879
1302,844419.753752919
1303,575646.2074810629
1304,505829.9515016971
1305,728680.9470931677
1306,949933.7572892954
1307,425395.25727364013
1308,1952466.8899890394
1309,794914.8870305277
1310,327543.5001822478
1311,440258.1837758015
1312,341339.4037190774
1313,857010.1199293468
1314,235045.891426846
1315,1294848.6855000309
1316,1131281.5941899947
1317,318023.7209519573
1318,363140.41280207084
1319,556120.0289382117
1320,802866.8150791503
1321,940473.9294218096
1322,1091625.7588542092
1323,832255.1477972111
1324,549592.7790178532
1325,437319.081390416
1326,793181.1571246168
1327,667915.1798292109
1328,204837.17353977534
1329,202784.98542928955
1330,371550.0169602239
1331,351808.98524695105
1332,1120978.553761257
1333,582857.3810292197
1334,673447.1033048625
1335,893400.0964573434
1336,645300.5876850778
1337,425383.64771792694
1338,374664.29030991404
1339,574350.8278667738
1340,320900.09337994765
1341,779432.5136321118
1342,549162.8434006486
1343,2132820.2692157114
1344,1436717.640055151
1345,969548.2114051275
1346,2338460.032136137
1347,726601.3907577248
1348,807824.4484162338
1349,727566.0532443858
1350,385859.9588127114
1351,401063.0006945381
1352,544394.766183907
1353,1300925.6384756356
1354,475389.7660818849
1355,608127.5821581068
1356,404016.27512159536
1357,548175.6656830623
1358,324592.34731114144
1359,545576.3938227876
1360,530588.4566929236
1361,568049.2010881027
1362,656471.71459696
1363,620027.8232063607
1364,834798.8401622478
1365,689760.1947735412
1366,827824.4588807463
1367,940195.674788418
1368,386868.7435135309
1369,308477.9088884948
1370,392920.3678732109
1371,239652.15380442658
1372,844445.9307835633
1373,373528.9475461232
1374,316517.3023593009
1375,1387803.6466542343
1376,472324.10439998563
1377,552743.1204010604
1378,333863.5038897776
1379,275435.002702085
1380,401640.09063020826
1381,316057.4698267554
1382,757892.0813457355
1383,280099.1905735548
1384,679620.7792744284
1385,580187.5101842145
1386,1069134.9758163295
1387,577497.8051441002
1388,954518.0043318602
1389,306942.21713009576
1390,1872507.7266862383
1391,814604.4915347162
1392,220308.73954098535
1393,362334.5744965768
1394,379659.937038071
1395,1416662.689616703
1396,240289.80672332994
1397,868085.8182438163
1398,617013.7550552471
1399,817101.3871906613
1400,950101.758904723
1401,335263.383453196
1402,406464.02084728813
1403,1105550.1930196309
1404,360339.83614772686
1405,1696186.094260652
1406,496552.61220510554
1407,430163.5819442791
1408,430762.12134311104
1409,923929.915321769
1410,1050059.335340826
1411,200925.70209048872
1412,1185561.2299922495
1413,1561777.8224999954
1414,2539956.6693621962
1415,854436.8362187789
1416,414372.5046016988
1417,1170922.3907693943
1418,546657.697310157
1419,326833.51836165023
1420,846638.1169095085
1421,3422162.8776750853
1422,1436717.640055151
1423,687313.234443967
1424,292356.278509966
1425,413612.25630906335
1426,280471.2259992044
1427,898569.2682765244
1428,660823.4762607604
1429,720096.6180090513
1430,860549.462745198
1431,645091.3190969196
1432,585025.0214725704
1433,692339.3332717022
1434,264205.97313422314
1435,467338.8836301561
1436,677832.8393616864
1437,685994.6005390901
1438,2162752.3353296914
1439,2502122.256964557
1440,943423.1666335252
1441,527077.9703945885
1442,939176.7661790075
1443,452306.0998392399
1444,1106777.0872317967
1445,259344.0687103181
1446,522526.3009392595
1447,394719.91104496655
1448,1078136.039743735
1449,1116987.8226035193
1450,329976.23748884746
1451,781071.8824530767
1452,418142.2012846618
1453,1231011.3659381361
1454,349628.1607711036
1455,392901.748453883
1456,381233.66782909224
1457,280453.1275388414
1458,647237.5097674512
1459,373977.20491839224
1460,343673.4667505767
1461,404862.7981435331
1462,1050903.3288338245
1463,731422.8222889168
1464,431172.2756577711
1465,507738.19590768777
1466,474293.8672791307
1467,1180435.6253825813
1468,938286.8866935074
1469,345120.3381038172
1470,990990.8332264692
1471,366216.66465436685
1472,616045.2365153481
1473,543538.986950207
1474,568256.722921957
1475,1870134.1464158879
1476,893094.3778755807
1477,275377.3425972209
1478,352540.90185623907
1479,391845.1805958366
1480,352012.08831865556
1481,340865.7303811293
1482,229014.99758179713
1483,533529.0457084595
1484,875854.3107125747
1485,606955.8372448423
1486,492007.0630558421
1487,419243.37659907853
1488,378232.0179619198
1489,614582.1730871877
1490,1249004.7345877364
1491,797386.8189715407
1492,307961.9982600575
1493,1016423.412604103
1494,781739.3350975218
1495,294261.73994477437
1496,695804.7386469166
1497,1588261.403894449
1498,439846.99690250226
1499,286328.22384865343
1500,325440.724924385
1501,553167.2398377775
1502,775378.07069108
1503,1116128.9661413399
1504,1378677.5874578021
1505,700644.612906232
1506,397089.72676116915
1507,470398.94214201736
1508,1623970.972755156
1509,463844.4009557786
1510,729112.4871867643
1511,382475.4009481678
1512,1190800.0344161177
1513,718450.3385274393
1514,1297692.628108358
1515,597335.819114549
1516,548096.3813844257
1517,483023.9980978757
1518,571569.3486536441
1519,347359.84644623415
1520,169314.08317688355
1521,254093.62896079532
1522,594133.2045131439
1523,552599.3048456559
1524,388441.1000885111
1525,238285.250535991
1526,241717.0359872274
1527,528722.9921359946
1528,344790.8152846717
1529,1255170.3577118989
1530,630189.5696170286
1531,1139549.9690843234
1532,2401291.393607451
1533,893094.3778755807
1534,316647.35201998474
1535,367939.2765544274
1536,347413.5261496611
1537,3960973.3768284144
1538,454530.67545346165
1539,361231.5866585855
1540,737582.8329832548
1541,1028197.549600463
1542,466306.172247304
1543,569719.0828345603
1544,264436.7130693611
1545,513140.1567142527
1546,346114.1842462209
1547,1231971.0762970066
1548,476968.078454514
1549,531443.6957078571
1550,420970.02590795164
1551,473159.6839664652
1552,456448.75558448146
1553,2147403.3499524696
1554,1408713.267729939
1555,1478810.2726519872
1556,274041.12148555135
1557,490867.448459331
1558,673009.3485812983
1559,467300.81610081566
1560,408234.11256244825
1561,490703.4913781327
1562,548136.7444834672
1563,405082.9971567939
1564,382529.93450648425
1565,356620.837593316
1566,177386.60266898794
1567,246970.2468719618
1568,588228.9934569522
1569,423307.9829046322
1570,231653.61794712726
1571,360444.7112621145
1572,687746.2692284507
1573,612409.6396963872
1574,593660.6274639675
1575,554034.691201993
1576,450897.81959013554
1577,380375.9381528367
1578,235323.60070903506
1579,480050.87604666734
1580,410598.3509992624
1581,547764.0263411907
1582,1236124.0584656086
1583,350455.5140918458
1584,456212.49700054084
1585,266119.9236448141
1586,341384.54259228765
1587,420679.1874115881
1588,1104831.2410562169
1589,433192.8313469981
1590,300077.90571658686
1591,810924.0135457886
1592,384828.9021996542
1593,383745.6922503487
1594,343575.55518079293
1595,242561.6596808466
1596,706915.4650306652
1597,708030.1752634149
1598,915678.0673606484
1599,1192524.2718338168
1600,354322.5032736934
1601,1761419.6142150883
1602,521620.2818586936
1603,321527.2044422683
1604,1095990.125716573
1605,240190.81970956534
1606,394794.6739259778
1607,541996.9328580525
1608,677481.1200114662
1609,563941.8798488876
1610,696457.3681969158
1611,683016.7163520127
1612,587408.851962516
1613,285808.38901087124
1614,421984.7068234502
1615,334276.8723958796
1616,529853.631159355
1617,1575717.2308704439
1618,702269.1357136252
1619,1326269.4327919467
1620,379643.5436806593
1621,545020.2315611794
1622,1249108.2503621457
1623,532938.0348426274
1624,535167.102481695
1625,566266.6451280697
1626,191108.4707945011
1627,1010101.0965679251
1628,309093.50099991536
1629,598168.1203552632
1630,530990.9727981943
1631,1064181.2950403483
1632,413879.112412329
1633,789920.112250433
1634,522812.8948853102
1635,1351819.5666071342
1636,663744.1456075297
1637,353388.9319314774
1638,2703577.782846163
1639,650499.3508980891
1640,897145.7314899195
1641,388218.09262225253
1642,377266.56875600247
1643,1595966.8418135077
1644,1057816.7091189679
1645,1111291.852848465
1646,564832.6098802411
1647,796747.2855197287
1648,314877.54842665046
1649,890322.2044972905
1650,346953.3577586854
1651,937147.4227753398
1652,1255170.3577118989
1653,654546.8012385432
1654,385773.9983962
1655,1255170.3577118989
1656,643809.5695051474
1657,1774569.4638882538
1658,439296.65270456293
1659,1521193.1731720034
1660,256564.15546816392
1661,420203.31995665556
1662,232107.91404861226
1663,825698.5921062127
1664,3899098.496953162
1665,397457.3182333849
1666,349482.0952876393
1667,559025.356389243
1668,377266.56875600247
1669,401247.5251574628
1670,635992.7517315171
1671,309393.8833914586
1672,1284667.6889392857
1673,581372.4122920284
1674,323683.46461475466
1675,1614128.30240006
1676,572096.8778870192
1677,321681.3165352098
1678,371345.15066332766
1679,391612.6990435337
1680,390705.12571886857
1681,352012.08831865556
1682,519397.28627930646
1683,475571.62917728274
1684,335338.2814237273
1685,1175528.8661247725
1686,510997.44438627857
1687,360281.62229377334
1688,404016.27512159536
1689,367874.54764246824
1690,996793.4261972078
1691,1077986.6118675214
1692,410228.03437565867
1693,311926.47205586673
1694,1116102.2630532752
1695,550585.1162953413
1696,489314.2512045982
1697,352012.08831865556
1698,271938.3467184126
1699,722184.2474342727
1700,377415.74290307803
1701,501610.89265834517
1702,965406.7007218872
1703,680247.6320045373
1704,688587.376080789
1705,1254743.485240089
1706,698333.0312216731
1707,374071.56017988763
1708,852292.8030355994
1709,324839.0446326213
1710,1078443.291778721
1711,422125.261677179
1712,309172.57764318265
1713,270663.2810378692
1714,388959.06801912346
1715,315363.42180120444
1716,275921.9833229141
1717,428361.6926774518
1718,385742.3072075542
1719,361941.5399960252
1720,350150.10038932686
1721,391164.48488279385
1722,929533.7176673575
1723,213684.7789867342
1724,538964.6275046889
1725,1005866.851826509
1726,320773.3318025905
1727,948384.0242933205
1728,1001669.7799293165
1729,2015287.090477832
1730,226167.09049555066
1731,570270.879184249
1732,607364.5142531788
1733,1289665.5286615537
1734,510086.94473913254
1735,1089391.8034041596
1736,523773.19277389353
1737,545856.937864818
1738,435644.6444430475
1739,571790.5154594481
1740,349020.0965900842
1741,631162.8160632155
1742,1049186.7026600717
1743,1190334.2039660937
1744,235732.5326188955
1745,405108.87017147767
1746,425248.11882751656
1747,1265576.0848129839
1748,375220.64647863474
1749,1348968.7486065777
1750,706960.4454894236
1751,554155.6581186742
1752,282405.25114360376
1753,492161.92597505846
1754,265050.95389744296
1755,402188.286532314
1756,191171.79125790074
1757,377636.87244362297
1758,341590.3814818183
1759,483813.9553706016
1760,975170.0450695837
1761,909037.9295549459
1762,1132700.4313669254
1763,413632.4586253253
1764,2036313.7631860545
1765,1182299.2252473882
1766,581438.7608615847
1767,586361.7918542649
1768,509112.6011375975
1769,1190718.7584993078
1770,2244546.323538488
1771,520175.59920130717
1772,599103.7212707592
1773,308614.76954625844
1774,389312.7105031029
1775,362661.52452273254
1776,1063237.6296287472
1777,441957.4417686761
1778,1124484.2250459262
1779,944871.162865055
1780,215396.41781990547
1781,410245.16708499775
1782,352454.82787924696
1783,356242.24585893826
1784,492549.7159530479
1785,620707.126635244
1786,696138.5962696149
1787,581754.3571067143
1788,378969.6294854407
1789,1330305.4023334892
1790,968809.9308346545
1791,832544.4583244667
1792,732411.7266813398
1793,371056.70393130375
1794,723465.6019674367
1795,375438.4433455779
1796,2084953.7376274157
1797,3461041.1719723297
1798,442526.5496509053
1799,1559847.2783856618
1800,286163.81707473856
1801,578145.247960587
1802,569268.3564384248
1803,764293.8475019726
1804,1499452.5540689963
1805,367752.0359058788
1806,645704.5202870838
1807,863559.7817768694
1808,610934.375734411
1809,1448253.5426504116
1810,302856.68405844725
1811,476526.0993093976
1812,387910.1539099683
1813,885207.5240354342
1814,413302.45111519744
1815,369050.2787687874
1816,311857.8981476936
1817,491973.8536561059
1818,604859.3899203178
1819,489218.2712859867
1820,376502.7162729644
1821,259504.16994173283
1822,455327.0819917884
1823,388858.040900152
1824,1266693.915872924
1825,630559.5231332411
1826,240495.0382599273
1827,390072.8211943282
1828,527612.8781095728
1829,1625218.9886756213
1830,974791.6790280152
1831,393040.48973779776
1832,1353509.230363452
1833,1043959.8570655062
1834,1214706.5350121548
1835,319294.85282302904
1836,352540.90185623907
1837,1814420.5709230714
1838,432986.51275714044
1839,296492.93204330176
1840,819799.7006453339
1841,599103.7212707592
1842,302141.4092626268
1843,344142.80563508533
1844,623676.6658357067
1845,307966.4512524323
1846,1595542.4226931871
1847,400981.43557218835
1848,932285.2608425729
1849,1693244.8171891007
1850,302875.2935839127
1851,365067.652840967
1852,578343.9195156841
1853,917352.2666827333
1854,424758.1474699546
1855,637595.3232584031
1856,818529.86349463
1857,1290764.6101564027
1858,301310.8502571368
1859,441566.5740954297
1860,847095.4669181514
1861,1863114.483448535
1862,968268.8550500328
1863,244725.7556646463
1864,371008.39147748175
1865,1100197.6330797996
1866,301739.31987103145
1867,284961.3458423078
1868,356943.90124050045
1869,1493219.5625794372
1870,218080.7823732511
1871,384266.9396475338
1872,590528.4326773802
1873,860605.9174835505
1874,1063247.4808400308
1875,763928.2967205906
1876,1579584.4823312545
1877,688054.3135881397
1878,661995.0496535677
1879,834798.8401622478
1880,1588857.3366129703
1881,258939.40771583977
1882,423884.3427675449
1883,772322.2496301525
1884,1113826.0301324094
1885,575521.1052883723
1886,530326.3683117571
1887,878123.5700775253
1888,201901.17149193762
1889,264410.86525332875
1890,953858.4816750371
1891,373528.9475461232
1892,612928.4616851086
1893,216754.56261366358
1894,555976.7129192628
1895,491855.71889740264
1896,593784.2097303781
1897,1357347.8342794438
1898,968712.0871676458
1899,976059.5442496608
1900,433718.8971326083
1901,383788.5296011832
1902,417782.9263184263
1903,1883538.5362528039
1904,549392.4553135667
1905,570389.242857351
1906,612763.2677571169
1907,342053.62993735186
1908,1288287.2092657932
1909,883944.5705918643
1910,552743.2799873338
1911,618731.066414486
1912,585958.1729662238
1913,259421.21524352542
1914,387452.97218364547
1915,827868.3548594445
1916,651951.3945517577
1917,643122.8859699848
1918,476461.22653265804
1919,1216718.2202614693
1920,164668.365561394
1921,785078.7606612868
1922,1241076.7193324852
1923,863238.0427135624
1924,410855.5375884764
1925,425703.42653798335
1926,1185561.2299922495
1927,355123.7810471013
1928,292031.5086063128
1929,489290.2766610684
1930,1677904.706284243
1931,1379433.6349090466
1932,832539.7408554564
1933,372249.7920912804
1934,344068.37817883183
1935,432634.6355285299
1936,1249529.2372486477
1937,568418.7560032874
1938,1047661.452985749
1939,942165.7296542134
1940,378547.09981175116
1941,256041.9852492307
1942,307419.5973326085
1943,929441.8727866806
1944,307202.57563064713
1945,365811.70011876745
1946,530991.5160405997
1947,877510.3319546706
1948,839692.1950033341
1949,366264.7579334144
1950,515433.9803653101
1951,576018.9731515445
1952,542426.0742154379
1953,495320.3273109201
1954,629947.3695109894
1955,339322.1045765433
1956,461767.1267164874
1957,270311.93651429197
1958,733570.923500357
1959,895236.1523980906
1960,442368.4731713467
1961,686464.592934336
1962,551458.9139209784
1963,347386.3877454647
1964,231205.7356462171
1965,243106.73805590248
1966,604938.9386830298
1967,388737.2232952314
1968,894048.4630479225
1969,811862.2365812988
1970,202747.8721991543
1971,699122.054597922
1972,552861.8325373854
1973,479868.21431484335
1974,486895.5622024391
1975,1176053.323352751
1976,402921.0563975923
1977,226815.27494974143
1978,440467.1609132773
1979,917392.5361817456
1980,451909.31984834815
1981,1236124.0584656086
1982,743743.3005298616
1983,1150566.477612162
1984,1048981.9200364575
1985,461402.5038504692
1986,362622.3091129973
1987,384444.46936223307
1988,892558.1902139304
1989,568041.4347728912
1990,898175.6348535327
1991,159831.14715780076
1992,303839.7214993419
1993,269107.56029595784
1994,1544395.3786619166
1995,707988.3285619402
1996,393975.43153517606
1997,397709.39324011613
1998,709000.2018281218
1999,338728.6452516271
